DATE,DS,ZC
08/06/1997,272,
08/07/1997,285.6,
08/12/1997,270.6,
08/13/1997,269.5,
08/14/1997,274.7,
08/18/1997,273.3,
08/19/1997,266.2,
08/20/1997,265,
08/21/1997,262.6,
08/22/1997,267.6,
09/01/1997,268.1,
09/02/1997,272.9,
09/03/1997,276.6,
09/04/1997,280.8,
09/05/1997,281.3,
09/08/1997,281.1,
09/09/1997,276.5,
09/10/1997,280,
09/11/1997,274.8,
09/12/1997,275,
09/15/1997,270.7,
09/16/1997,270.8,
09/17/1997,283.6,
09/18/1997,280,
09/19/1997,281.3,
09/23/1997,268.6,
09/24/1997,268.1,
09/25/1997,268.6,
09/26/1997,272.9,
10/02/1997,274.1,
10/07/1997,264.1,
10/08/1997,264.9,
10/13/1997,268.5,
10/16/1997,267.9,
10/23/1997,259.1,
10/27/1997,271.1,
10/30/1997,262,
11/05/1997,250.8,
11/06/1997,246.9,
11/07/1997,253.2,
11/10/1997,250.8,
11/11/1997,256.2,
11/12/1997,252.9,
11/17/1997,245.9,
11/19/1997,247.4,
11/20/1997,249.9,
11/24/1997,240,
12/03/1997,235.9,
12/04/1997,235.2,
12/05/1997,236.2,
12/09/1997,243.1,
12/10/1997,244.4,
12/11/1997,251.6,
12/15/1997,237.1,
12/16/1997,237.7,
12/17/1997,238.9,
12/18/1997,242.1,
01/08/1998,240.8,
01/09/1998,236.4,
01/13/1998,233.5,
01/19/1998,240.7,
01/21/1998,236.8,
01/22/1998,234.2,
01/23/1998,232.6,
01/26/1998,240.6,
01/27/1998,237.8,
01/29/1998,240.9,
01/30/1998,240.8,
02/02/1998,242.1,
02/03/1998,242.1,
02/04/1998,244.2,
02/05/1998,244.6,
02/06/1998,251.6,
02/07/1998,240.5,
02/08/1998,252.3,
02/09/1998,246.5,
02/10/1998,240.8,
02/11/1998,249.6,
02/12/1998,243.9,
02/13/1998,242.2,
02/14/1998,240.5,
02/15/1998,243.9,
02/16/1998,248,
02/17/1998,242.5,
02/18/1998,255.6,
02/19/1998,240.6,
02/20/1998,246.3,
02/21/1998,243.4,
02/23/1998,247.3,
02/24/1998,247.8,
02/25/1998,240.3,
02/26/1998,247,
02/27/1998,243.4,
03/03/1998,245.5,
03/04/1998,222.1,
03/05/1998,249.7,
03/06/1998,242.5,
03/09/1998,242.9,
03/10/1998,250.6,
03/11/1998,246.2,
03/12/1998,251.5,
03/13/1998,252.9,
03/16/1998,253.8,
03/18/1998,261.1,
03/19/1998,262.6,
03/20/1998,263.3,
03/23/1998,253,
03/24/1998,251.8,
03/26/1998,252,
03/27/1998,242.5,
03/30/1998,253.5,
03/31/1998,253.1,
04/01/1998,260.8,
04/02/1998,246.5,
04/03/1998,246.7,
04/05/1998,256.1,
04/06/1998,248.6,
04/07/1998,245.6,
04/11/1998,246.3,
04/12/1998,248.1,
04/14/1998,248.3,
04/16/1998,248,
04/17/1998,244.9,
04/20/1998,248.7,
04/21/1998,243.4,
04/22/1998,247.7,
04/23/1998,248.5,
04/26/1998,250.1,
04/27/1998,249.5,
04/28/1998,251.6,
04/29/1998,254.3,
04/30/1998,249.2,
05/02/1998,258.9,
05/03/1998,253.4,
05/04/1998,245,
05/05/1998,245.1,
05/06/1998,242.9,
05/07/1998,249.7,
05/08/1998,244.9,
05/09/1998,245.1,
05/12/1998,251,
05/13/1998,251.2,
05/14/1998,244.4,
05/15/1998,253,
05/18/1998,259.3,
05/19/1998,260.7,
05/20/1998,259.5,
05/21/1998,260.9,
05/22/1998,259.4,
05/25/1998,256.1,
05/26/1998,257.5,
05/27/1998,255,
05/28/1998,252.2,
05/30/1998,253.3,
06/02/1998,257.7,
06/04/1998,255.8,
06/05/1998,258.5,
06/06/1998,249.3,
06/07/1998,249,
06/10/1998,255,
06/11/1998,255.9,
06/12/1998,255.9,
06/13/1998,263.7,
06/14/1998,261.9,
06/15/1998,261.5,
06/16/1998,263.6,
06/17/1998,251.8,
06/18/1998,252.9,
06/19/1998,257.5,
06/23/1998,251.4,
06/24/1998,256,
06/26/1998,249.2,
06/29/1998,258.4,
06/30/1998,258.1,
07/06/1998,275.3,
07/08/1998,261.5,
07/10/1998,257.3,
07/13/1998,256.5,
07/15/1998,269.6,
07/16/1998,267,
07/17/1998,273.9,
07/20/1998,270.5,
07/21/1998,251.7,
07/22/1998,253,
07/24/1998,266.1,
07/27/1998,269.3,
07/28/1998,263.4,
07/29/1998,265.2,
07/30/1998,261.6,
08/06/1998,264.5,
08/07/1998,277.1,
08/08/1998,269.3,
08/12/1998,263.9,
08/13/1998,267.5,
08/14/1998,269.6,
08/15/1998,260.9,
08/19/1998,270.7,
08/22/1998,262.2,
08/24/1998,264.5,
08/31/1998,272.8,
09/02/1998,265.3,
09/03/1998,266,
09/05/1998,272,
09/07/1998,273.4,
09/08/1998,265.9,
09/09/1998,268.5,
09/12/1998,265.3,
09/14/1998,264.8,
09/15/1998,265.6,
09/16/1998,263,
09/18/1998,277.7,
09/19/1998,272.4,
09/21/1998,271,
09/25/1998,292.5,
09/28/1998,274.1,
10/01/1998,284.4,
10/02/1998,272.5,
10/03/1998,277,
10/05/1998,280,
10/06/1998,284,
10/07/1998,286.9,
10/08/1998,285.6,
10/09/1998,287.2,
10/12/1998,274.8,
10/13/1998,265.9,
10/14/1998,277.8,
10/15/1998,284.6,
10/16/1998,285.2,
10/19/1998,261.4,
10/21/1998,270.4,
10/22/1998,279.4,
10/23/1998,272.7,
10/24/1998,281.5,
10/26/1998,280.4,
10/27/1998,282.7,
10/28/1998,281.3,
10/29/1998,285.1,
10/30/1998,278.2,
11/02/1998,280,
11/03/1998,277.9,
11/04/1998,275.7,
11/06/1998,276.6,
11/07/1998,265.5,
11/08/1998,254.8,
11/09/1998,260.5,
11/10/1998,276.6,
11/11/1998,267.5,
11/12/1998,266.9,
11/13/1998,266.6,
11/14/1998,267.4,
11/15/1998,271.8,
11/19/1998,272.3,
11/21/1998,273.8,
11/23/1998,274.2,
11/24/1998,273.5,
11/25/1998,273.9,
11/26/1998,272.9,
11/27/1998,269.7,
11/28/1998,273.5,
12/01/1998,278.7,
12/02/1998,270.8,
12/03/1998,268.3,
12/04/1998,272.1,
12/05/1998,271.5,
12/07/1998,264.5,
12/08/1998,270.5,
12/09/1998,271.4,
12/10/1998,268.3,
12/11/1998,267.2,
12/14/1998,261.3,
12/15/1998,254.2,
12/16/1998,262.1,
12/17/1998,264.6,
12/21/1998,266.1,
12/22/1998,266.9,
12/23/1998,266.4,
12/24/1998,265.2,
12/28/1998,261.1,
12/29/1998,269.6,
12/30/1998,260.3,
01/04/1999,272.3,
01/05/1999,275.4,
01/06/1999,270.5,
01/07/1999,264.9,
01/08/1999,262.8,
01/11/1999,264.4,
01/12/1999,267.2,
01/13/1999,265.9,
01/14/1999,256.1,
01/18/1999,259.4,
01/21/1999,266.5,
01/22/1999,256.1,
01/23/1999,256.6,
01/24/1999,263.3,
01/25/1999,259.9,
01/26/1999,263.5,
01/27/1999,255.5,
01/28/1999,274.1,
01/29/1999,259,
02/02/1999,268.5,
02/03/1999,261,
02/04/1999,265.2,
02/05/1999,268.4,
02/06/1999,272.9,
02/08/1999,271.5,
02/09/1999,288.5,
02/10/1999,264.5,
02/12/1999,269.9,
02/16/1999,271.5,
02/17/1999,267.9,
02/18/1999,270.4,
02/21/1999,267.6,
02/23/1999,267.2,
02/25/1999,289.6,
02/26/1999,270.7,
02/28/1999,266.1,
03/01/1999,216.4,
03/03/1999,267.3,
03/04/1999,272.8,
03/06/1999,268.8,
03/07/1999,265.3,
03/08/1999,272,
03/09/1999,262.9,
03/11/1999,269.4,
03/15/1999,257.3,
03/16/1999,254.3,
03/18/1999,265.4,
03/19/1999,266.4,
03/20/1999,277.8,
03/23/1999,263.2,
03/26/1999,256.4,
03/27/1999,258.9,
03/28/1999,278.1,
03/29/1999,261,
03/30/1999,260.6,
03/31/1999,267,
04/01/1999,265.3,
04/03/1999,269.6,
04/06/1999,270.9,
04/07/1999,275,
04/16/1999,279.3,
04/17/1999,270.5,
04/18/1999,269.8,
04/19/1999,270,
04/20/1999,272,
04/21/1999,273.1,
04/22/1999,272.8,
04/23/1999,273.3,
04/26/1999,271.8,
04/27/1999,274,
04/28/1999,284.5,
04/29/1999,273,
05/03/1999,267.1,
05/04/1999,272.2,
05/05/1999,275.3,
05/07/1999,274.9,
05/10/1999,273.2,
05/11/1999,269.7,
05/12/1999,278.2,
05/14/1999,274.3,
05/17/1999,272.6,
05/18/1999,275.5,
05/19/1999,271.3,
05/20/1999,277.4,
05/21/1999,281.9,
05/22/1999,279.3,
05/25/1999,272.1,
05/26/1999,272.8,
05/27/1999,276.1,
05/28/1999,268.6,
05/29/1999,265.8,
06/02/1999,331.1,
06/04/1999,267.5,
06/05/1999,286.5,
06/07/1999,279.4,
06/10/1999,275.2,
06/11/1999,275.1,
06/12/1999,280.8,
06/14/1999,273.3,
06/16/1999,276.6,
06/17/1999,278.7,
06/21/1999,274.5,
06/22/1999,274,
06/25/1999,301.2,
06/26/1999,274.1,
06/28/1999,274,
06/29/1999,272.5,
06/30/1999,278.9,
07/01/1999,279,
07/02/1999,275,
07/03/1999,259.4,
07/05/1999,279.1,
07/06/1999,265.5,
07/07/1999,283.9,
07/08/1999,271.2,
07/09/1999,291.7,
07/10/1999,286,
07/11/1999,280.9,
07/13/1999,277.4,
07/14/1999,274.1,
07/15/1999,270.5,
07/16/1999,275.1,
07/17/1999,266.1,
07/20/1999,274.7,
07/26/1999,298.8,
07/28/1999,270.1,
08/02/1999,269.4,
08/03/1999,274.8,
08/04/1999,272.7,
08/06/1999,277.7,
08/09/1999,285.4,
08/10/1999,276.7,
08/11/1999,278.7,
08/12/1999,282.4,
08/13/1999,265.8,
08/15/1999,277,
08/17/1999,282.5,
08/18/1999,299.3,
08/19/1999,306,
08/20/1999,276.8,
08/21/1999,276.8,
08/23/1999,281.5,
08/24/1999,282.1,
08/25/1999,276.9,
08/27/1999,267.3,
08/28/1999,267.6,
08/30/1999,275.9,
08/31/1999,277.4,
09/02/1999,274.3,
09/03/1999,303.3,
09/08/1999,279.6,
09/09/1999,279.7,
09/11/1999,278.9,
09/12/1999,280.1,
09/13/1999,277,
09/14/1999,261,
09/15/1999,271.7,
09/17/1999,268.5,
09/19/1999,266,
09/21/1999,273.6,
09/24/1999,274.8,
09/25/1999,269.3,
09/26/1999,270.7,
09/27/1999,271.4,
09/28/1999,270.7,
09/29/1999,269.3,
09/30/1999,264.1,
10/02/1999,263.2,
10/03/1999,265,
10/04/1999,274.8,
10/05/1999,271.7,
10/06/1999,261.4,
10/08/1999,258.1,
10/09/1999,250.1,
10/11/1999,267.2,
10/12/1999,265.7,
10/13/1999,275.2,
10/14/1999,268.4,
10/15/1999,273,
10/16/1999,281.5,
10/17/1999,270.9,
10/18/1999,274.2,
10/19/1999,268.9,
10/20/1999,267.8,
10/21/1999,268.6,
10/22/1999,268.9,
10/23/1999,271.8,
10/24/1999,270.2,
10/25/1999,270.7,
10/26/1999,278,
10/27/1999,271.1,
10/28/1999,275.8,
10/29/1999,283.8,
10/31/1999,272.6,
11/01/1999,268.7,
11/02/1999,268,
11/03/1999,259.4,
11/04/1999,259.4,
11/05/1999,266.1,
11/06/1999,262.9,
11/07/1999,265.8,
11/08/1999,266.8,
11/09/1999,261.7,
11/12/1999,260.3,
11/13/1999,261,
11/14/1999,263.3,
11/15/1999,268.1,
11/16/1999,258.4,
11/17/1999,263.2,
11/18/1999,253.1,
11/19/1999,256.9,
11/20/1999,298.3,
11/21/1999,244.7,
11/23/1999,258.1,
11/24/1999,254.4,
11/25/1999,259.2,
11/26/1999,250.3,
11/27/1999,250.7,
11/29/1999,250.8,
11/30/1999,246.5,
12/01/1999,251.3,
12/07/1999,248.5,
12/09/1999,249.6,
12/10/1999,252.1,
12/13/1999,262,
12/14/1999,261.1,
12/15/1999,261.6,
12/19/1999,255.2,
12/20/1999,250.7,
12/22/1999,258.1,
12/23/1999,257.1,
12/24/1999,248.2,
12/25/1999,254.1,
12/26/1999,255.4,
12/27/1999,254.4,
12/28/1999,242.5,
12/29/1999,251.1,
12/30/1999,253.5,
12/31/1999,256.1,
01/03/2000,263.8,
01/04/2000,269.5,
01/05/2000,261.3,
01/06/2000,257.3,
01/07/2000,254.9,
01/11/2000,258.2,
01/12/2000,260.1,
01/14/2000,247.8,
01/17/2000,246.6,
01/18/2000,247.1,
01/19/2000,251.6,
01/21/2000,246.2,
01/22/2000,245.4,
01/23/2000,244.5,
01/24/2000,248.6,
01/25/2000,249.7,
01/26/2000,250.2,
01/27/2000,247.6,
01/29/2000,252.9,
01/30/2000,248.2,
01/31/2000,247.9,
02/01/2000,247,
02/02/2000,248.7,
02/03/2000,246.1,
02/05/2000,250.4,
02/06/2000,252.4,
02/08/2000,250.5,
02/10/2000,239.6,
02/11/2000,251.5,
02/12/2000,251,
02/14/2000,253.4,
02/16/2000,256.1,
02/18/2000,265.8,
02/21/2000,251.9,
02/22/2000,258.3,
02/26/2000,255.7,
02/27/2000,253.4,
02/28/2000,258.4,
02/29/2000,258.6,
04/03/2000,271,
05/31/2000,247.2,
06/01/2000,269,
06/02/2000,249.9,
06/03/2000,250.2,
06/04/2000,259.1,
06/06/2000,258.4,
06/07/2000,262.7,
06/08/2000,250.1,
06/09/2000,248.7,
06/10/2000,269.3,
06/11/2000,260.6,
06/14/2000,262.9,
06/15/2000,261.6,
06/17/2000,266.4,
06/18/2000,261.3,
06/20/2000,260.9,
06/21/2000,257.1,
06/22/2000,262.2,
06/29/2000,255.9,
07/01/2000,262.8,
07/06/2000,271.1,
07/07/2000,269.7,
07/09/2000,265.8,
07/13/2000,257.8,
07/15/2000,272.8,
07/16/2000,263.9,
07/17/2000,262.6,
07/18/2000,265.8,
08/01/2000,260,
08/02/2000,255.7,
08/03/2000,264.3,
08/04/2000,273.5,
08/10/2000,263.6,
08/22/2000,267.4,
08/23/2000,268.3,
09/04/2000,260.1,
09/05/2000,258.9,
09/07/2000,262.1,
09/08/2000,264.2,
09/09/2000,267.6,
09/10/2000,263,
09/11/2000,265,
09/12/2000,264.6,
09/13/2000,268.9,
09/18/2000,255,
09/19/2000,252.1,
09/21/2000,259.5,
09/22/2000,253.8,
09/29/2000,260.8,
10/02/2000,248.8,
10/03/2000,249.4,
10/04/2000,252.1,
10/05/2000,252.6,
10/11/2000,253.4,
10/12/2000,252,
10/13/2000,255.1,
10/16/2000,251.1,
10/23/2000,253.2,
10/25/2000,260.3,
10/26/2000,262.5,
10/27/2000,262.1,
10/28/2000,255.7,
10/29/2000,244.7,
11/03/2000,243.5,
11/04/2000,247.4,
11/06/2000,244.3,
11/08/2000,236.5,
11/09/2000,245.8,
11/11/2000,243.9,
11/14/2000,250.6,
11/17/2000,251.4,
11/19/2000,243.4,
11/23/2000,242,
11/24/2000,234.4,
11/25/2000,244.3,
11/27/2000,252.6,
11/28/2000,248.4,
11/30/2000,245.2,
12/01/2000,247,
12/03/2000,247.3,
12/04/2000,243.9,
12/05/2000,252.6,
12/06/2000,251.1,
12/07/2000,247.2,
12/08/2000,254.7,
12/11/2000,243,
12/12/2000,245.8,
12/13/2000,242.7,
12/14/2000,248.5,
12/15/2000,239,
12/19/2000,241.2,
12/20/2000,246.4,
12/21/2000,241.8,
12/22/2000,240.4,
12/25/2000,249.2,
12/26/2000,240.2,
12/27/2000,240,
12/28/2000,233,
12/29/2000,240.2,
01/01/2001,237.9,
01/03/2001,247.8,
01/10/2001,231.2,
01/12/2001,238.9,
01/13/2001,236,
01/15/2001,229.8,
01/16/2001,236,
01/17/2001,236.7,
01/18/2001,233.4,
01/19/2001,236.6,
01/20/2001,237.7,
01/21/2001,231.7,
01/22/2001,234.1,
01/29/2001,239.9,
01/31/2001,242,
02/01/2001,241.7,
02/05/2001,237.6,
02/06/2001,240.9,
02/07/2001,233.9,
02/08/2001,231.5,
02/09/2001,236.4,
02/10/2001,237.8,
02/11/2001,239.1,
02/12/2001,240.6,
02/13/2001,241.2,
02/14/2001,238.9,
02/15/2001,232.5,
02/16/2001,239.4,
02/17/2001,242.1,
02/18/2001,247,
02/19/2001,245.4,
02/20/2001,245.9,
02/22/2001,249.2,
02/23/2001,246.3,
02/24/2001,246.2,
02/25/2001,245.1,
02/26/2001,254.6,
02/27/2001,251.7,
02/28/2001,245.8,
03/01/2001,253.4,
03/02/2001,247.2,
03/03/2001,249.1,
03/04/2001,249.4,
03/05/2001,245.2,
03/09/2001,253.4,
03/10/2001,255.5,
03/11/2001,250.5,
03/12/2001,249.8,
03/13/2001,246.9,
03/14/2001,249.4,
03/15/2001,255.3,
03/16/2001,256.8,
03/17/2001,247.4,
03/19/2001,254.3,
03/20/2001,251,
03/21/2001,255.1,
03/22/2001,265.4,
03/23/2001,260.6,
03/27/2001,252.2,
03/28/2001,245.9,
03/30/2001,249,
04/02/2001,250.9,
04/03/2001,249.9,
04/04/2001,254.8,
05/26/2005,256.6,
05/27/2005,266.3,
05/30/2005,243.1,
05/31/2005,248.1,
06/03/2005,240.3,
06/08/2005,246.6,
06/09/2005,263.9,
06/14/2005,261.7,
06/15/2005,263.4,
07/07/2005,263.1,
07/13/2005,251.2,
08/15/2005,259.5,
08/16/2005,250,
08/22/2005,255.5,
08/25/2005,255.5,
08/26/2005,256,
08/29/2005,269.1,
08/31/2005,254.9,
09/01/2005,245.4,
09/02/2005,251.2,
09/05/2005,245.4,
09/06/2005,247.4,
09/07/2005,246.8,
09/08/2005,250.8,
09/09/2005,243.9,
09/12/2005,245.4,
09/13/2005,253.1,
09/14/2005,261.7,
09/15/2005,251.5,
09/19/2005,253,
09/20/2005,260.3,
09/21/2005,260.3,
09/22/2005,260,
09/23/2005,259.2,
09/26/2005,256.7,
09/27/2005,253.9,
09/28/2005,248.3,
09/29/2005,249.9,
09/30/2005,259.7,
10/03/2005,259.3,
10/04/2005,262.4,
10/05/2005,259,
10/06/2005,249.8,
10/07/2005,253.2,
10/11/2005,249.9,
10/12/2005,250.4,
10/13/2005,246.9,
10/14/2005,252.1,
10/17/2005,244.7,
10/25/2005,255.5,
10/26/2005,249.9,
10/27/2005,264.7,
10/28/2005,257.7,
10/31/2005,244,
11/07/2005,243.1,
11/08/2005,237.7,
11/14/2005,246.7,
11/15/2005,250.4,
11/16/2005,242.9,
11/17/2005,243.8,
11/18/2005,232.3,
11/19/2005,241.9,
11/21/2005,240.5,
11/23/2005,243.1,
11/28/2005,250.3,
11/29/2005,252.9,
11/30/2005,249.6,
12/01/2005,252.4,
12/06/2005,254.4,
12/07/2005,254.7,
12/08/2005,257.6,
12/10/2005,248.9,
12/12/2005,252.6,
12/13/2005,254.4,
12/14/2005,250.4,
12/15/2005,254.5,
12/16/2005,258.9,
12/19/2005,255,
12/20/2005,255.8,
12/21/2005,251.8,
12/28/2005,255.9,
12/30/2005,259.5,
01/04/2006,242.6,
01/09/2006,247.6,
01/10/2006,247.4,
01/11/2006,246.9,
01/18/2006,236.2,
01/19/2006,239.5,
01/23/2006,237.5,
01/24/2006,236.1,
01/27/2006,239.3,
01/30/2006,255.5,
01/31/2006,247.4,
02/01/2006,235.9,
02/06/2006,237.2,
02/07/2006,247.4,
02/08/2006,244.7,
02/10/2006,252.8,
02/15/2006,253.5,
02/16/2006,243.2,
02/21/2006,246.8,
02/22/2006,247.4,
02/23/2006,258.5,
03/03/2006,270,
03/14/2006,260,
03/15/2006,253.6,
03/16/2006,258.8,
03/17/2006,252.1,
03/20/2006,251.9,
03/21/2006,256.6,
03/22/2006,251.5,
03/23/2006,255.1,
03/24/2006,263.8,
03/27/2006,261.9,
03/28/2006,254.9,
03/29/2006,252,
04/24/2006,262.4,
04/25/2006,259.2,
05/12/2006,265.8,
05/17/2006,264.1,
05/18/2006,262.7,
05/19/2006,267.3,
05/20/2006,262.9,
05/22/2006,255.4,
06/04/2006,270.9,
06/10/2006,261.9,
06/18/2006,249.8,
07/04/2006,267.7,
07/13/2006,254.4,
07/14/2006,258.4,
08/02/2006,268.6,
08/06/2006,258.7,
08/08/2006,268.5,
08/12/2006,270.5,
08/15/2006,254.8,
08/18/2006,274.5,
08/23/2006,267.2,
08/25/2006,265.5,
09/19/2006,265,
09/22/2006,252.9,
09/25/2006,267.7,
09/26/2006,260.1,
09/27/2006,267.4,
09/28/2006,263.9,
10/02/2006,263.2,
10/03/2006,262,
10/04/2006,252.3,
10/05/2006,251.7,
10/06/2006,262.5,
10/09/2006,276.8,
10/12/2006,265.7,
10/18/2006,251.5,
10/19/2006,265.8,
10/24/2006,255.5,
10/27/2006,251.5,
10/30/2006,248.5,
11/02/2006,254,
11/03/2006,249.6,
11/10/2006,265.3,
11/13/2006,244.2,
11/21/2006,238.1,
11/24/2006,236,
11/25/2006,245,
11/27/2006,236.3,
11/30/2006,237.9,
12/06/2006,226.4,
12/08/2006,235.9,
12/10/2006,244.3,
12/11/2006,231.9,
12/12/2006,229.9,
12/15/2006,233.3,
12/16/2006,229.8,
12/18/2006,227.8,
12/19/2006,223.8,
12/20/2006,225.4,
12/21/2006,225.8,
12/22/2006,221.9,
12/27/2006,224.9,
01/02/2007,230.2,
01/03/2007,222.5,
01/05/2007,216.6,
01/06/2007,224.6,
01/08/2007,230.1,
01/10/2007,228,
01/12/2007,227.3,
01/13/2007,228,
01/15/2007,225.9,
01/16/2007,226.9,
01/18/2007,224,
01/19/2007,227.3,
01/21/2007,234.7,
01/23/2007,230.6,
01/24/2007,232.7,
02/07/2007,228.1,
02/13/2007,235.6,
02/14/2007,234.3,
02/17/2007,251.8,
02/19/2007,240.6,
02/21/2007,210.9,
02/22/2007,242.8,
02/23/2007,240,
02/28/2007,232.6,
03/05/2007,234.4,
03/06/2007,239.6,
03/07/2007,241.9,
03/08/2007,239.7,
03/09/2007,247.7,
03/12/2007,236.8,
03/13/2007,239.7,
03/20/2007,240.9,
03/21/2007,245.4,
04/09/2007,261.4,
04/16/2007,247.3,
05/02/2007,253,
05/14/2007,246.3,
06/06/2007,245.4,
06/13/2007,237.8,
06/15/2007,239.7,
06/21/2007,246.2,
07/02/2007,242,
07/16/2007,261.5,
07/24/2007,259.5,
07/26/2007,254.6,
07/30/2007,260.8,
08/14/2007,242,
08/15/2007,243.1,
08/16/2007,245.3,
08/17/2007,252.2,
08/18/2007,258,
08/19/2007,262,
08/20/2007,266.2,
08/22/2007,241.5,
08/23/2007,243.6,
08/24/2007,249.9,
08/25/2007,236.9,
08/28/2007,251.7,
08/29/2007,246.8,
08/30/2007,250.1,
09/06/2007,238.3,
09/07/2007,249.8,
09/11/2007,245.1,
09/12/2007,255.8,
09/17/2007,241.4,
09/19/2007,254.1,
09/20/2007,249.4,
09/24/2007,309.1,
09/25/2007,308.5,
09/26/2007,244.8,
09/27/2007,245.8,
10/01/2007,243.6,
10/03/2007,251,
10/04/2007,244.4,
10/05/2007,241,
10/06/2007,245.6,
10/08/2007,242.8,
10/10/2007,240.6,
10/13/2007,249.9,
10/18/2007,244,
10/19/2007,230.2,
10/23/2007,238,
11/04/2007,252.7,
11/08/2007,238.6,
11/19/2007,258.5,
11/21/2007,253.2,
11/22/2007,246.5,
11/23/2007,250.6,
11/26/2007,252.8,
11/27/2007,262.2,
11/28/2007,249.1,
11/29/2007,249.6,
12/03/2007,248.1,
12/05/2007,252.2,
12/06/2007,247.5,
12/10/2007,252.8,
12/11/2007,247.3,
12/12/2007,244.3,
12/13/2007,241,
12/14/2007,248.7,
12/15/2007,255.2,
12/17/2007,244.2,
12/18/2007,252.1,
12/19/2007,256.3,
12/20/2007,262.5,
12/22/2007,238.7,
12/24/2007,249.8,
12/25/2007,247.5,
12/26/2007,241,
12/27/2007,243,
12/29/2007,241.7,
12/30/2007,246.3,
01/01/2008,246.6,
01/02/2008,248.6,
01/03/2008,250.7,
01/04/2008,248.5,
01/05/2008,254.4,
01/07/2008,262.8,
01/08/2008,259.6,
01/09/2008,256.2,
01/10/2008,251.4,
01/12/2008,245.9,
01/13/2008,241.9,
01/15/2008,244.9,
01/17/2008,245.8,
01/21/2008,251.2,
01/22/2008,252.2,
01/23/2008,246.9,
01/24/2008,237.4,
01/25/2008,239.9,
01/26/2008,242.6,
01/28/2008,251.5,
01/29/2008,248.9,
01/30/2008,256.4,
02/04/2008,254,
02/05/2008,251.4,
02/06/2008,239,
02/12/2008,257.4,
02/13/2008,254.1,
02/14/2008,253.5,
02/15/2008,251.9,
02/18/2008,250.8,
02/19/2008,241.9,
02/20/2008,252.6,
02/21/2008,247.3,
02/22/2008,255.1,
02/25/2008,254.3,
02/26/2008,252.6,
02/27/2008,258.1,
02/28/2008,261.1,
02/29/2008,260,
03/03/2008,259.6,
03/04/2008,252.3,
03/05/2008,252.5,
03/06/2008,251.3,
03/08/2008,248,
03/10/2008,256.7,
03/11/2008,264.8,
03/12/2008,253.8,
03/13/2008,258.6,
03/14/2008,248.4,
03/17/2008,252.7,
03/18/2008,248,
03/19/2008,252,
03/20/2008,261.2,
03/25/2008,265.2,
03/27/2008,257.8,
03/29/2008,262.3,
03/31/2008,267.5,
04/02/2008,262.3,
04/07/2008,271.6,
04/08/2008,262.7,
04/09/2008,271.1,
04/11/2008,257.8,
04/14/2008,269.8,
04/15/2008,260.6,
04/16/2008,271.2,
04/17/2008,257.5,
04/21/2008,253.9,
04/22/2008,257.8,
04/24/2008,256.2,
04/29/2008,270.5,
04/30/2008,270.5,
05/02/2008,276.2,
05/03/2008,278.8,
05/04/2008,281.6,
05/05/2008,281.3,
05/06/2008,277.5,
05/07/2008,272,
05/12/2008,267.2,
05/13/2008,274.8,
05/14/2008,269.6,
05/21/2008,266.6,
05/22/2008,266.5,
06/01/2008,259.2,
06/06/2008,262.3,
06/11/2008,264.5,
06/25/2008,272.8,
06/26/2008,283.4,
06/28/2008,262.2,
06/30/2008,276.3,
07/01/2008,273.2,
07/04/2008,280.5,
07/07/2008,276.5,
07/08/2008,268.4,
07/09/2008,266.6,
07/10/2008,271.9,
07/11/2008,273.4,
07/13/2008,246.5,
07/16/2008,270.8,
07/17/2008,268.4,
08/06/2008,272.7,
08/07/2008,269.4,
08/08/2008,261.1,
08/11/2008,250.3,
08/12/2008,255.9,
08/18/2008,259.6,
08/19/2008,260.2,
08/20/2008,259.2,
08/22/2008,259.9,
08/27/2008,268.9,
08/28/2008,268.7,
09/02/2008,262.7,
09/03/2008,261.6,
09/04/2008,262.1,
09/05/2008,260.5,
09/08/2008,272.3,
09/10/2008,255.9,
09/11/2008,255.7,
09/15/2008,272.9,
09/16/2008,262.4,
09/17/2008,269.6,
09/18/2008,260.2,
09/19/2008,268.2,
09/22/2008,268.9,
09/23/2008,257.6,
09/24/2008,268.5,
09/25/2008,271.7,
09/29/2008,268.8,
09/30/2008,271.6,
10/01/2008,264.5,
10/06/2008,272.9,
10/12/2008,260.6,
10/14/2008,240.9,
10/27/2008,250.4,
10/29/2008,246.9,
10/31/2008,249,
11/03/2008,256.6,
11/04/2008,257.2,
11/05/2008,258.7,
11/06/2008,252.5,
11/08/2008,248.8,
11/09/2008,249.6,
11/10/2008,250.8,
11/12/2008,249.1,
11/13/2008,250.3,
11/14/2008,252.1,
11/15/2008,262,
11/16/2008,260.3,
11/17/2008,261.8,
11/18/2008,257.1,
11/19/2008,251,
11/20/2008,254,
11/22/2008,249.9,
11/24/2008,254.5,
11/25/2008,265.4,
11/26/2008,258.2,
11/28/2008,252.7,
11/29/2008,246,
12/02/2008,248.6,
12/03/2008,248.4,
12/04/2008,244.7,
12/07/2008,246.5,
12/08/2008,242.9,
12/09/2008,249.5,
12/10/2008,248.8,
12/11/2008,234.6,
12/13/2008,249.2,
12/15/2008,247.7,
12/16/2008,242.1,
12/17/2008,245.8,
12/18/2008,244.8,
12/19/2008,250.6,
12/20/2008,245.6,
12/21/2008,252,
12/22/2008,251.7,
12/23/2008,246.8,
12/24/2008,246.5,
12/25/2008,247.8,
12/26/2008,249.1,
12/27/2008,248.3,
12/28/2008,246.5,
12/29/2008,235.8,
12/31/2008,237.4,
01/02/2009,240.4,
01/03/2009,245.8,
01/04/2009,242.6,
01/05/2009,242.3,
01/06/2009,238,
01/07/2009,242.3,
01/08/2009,243.7,
01/09/2009,248.9,
01/10/2009,246.2,
01/11/2009,250.1,
01/12/2009,250.6,
01/13/2009,251.4,
01/14/2009,248.6,
01/15/2009,247,
01/19/2009,244.6,
01/20/2009,244.6,
01/21/2009,246.7,
01/22/2009,252.7,
01/23/2009,246.4,
01/24/2009,244.5,
01/25/2009,245.7,
01/27/2009,240,
01/28/2009,240.5,
01/29/2009,241.3,
01/30/2009,239.9,
02/03/2009,236,
02/04/2009,231.8,
02/05/2009,238.1,
02/06/2009,236.5,
02/11/2009,242.3,
02/12/2009,237.7,
02/13/2009,234.2,
02/18/2009,233.9,
02/19/2009,249.4,
02/20/2009,251.4,
02/24/2009,245.5,
02/25/2009,240.7,
03/06/2009,248.9,
03/09/2009,257.8,
03/10/2009,250.9,
03/11/2009,256.6,
03/12/2009,256.3,
03/13/2009,265.1,
03/14/2009,258.5,
03/18/2009,256.8,
03/20/2009,264.1,
03/21/2009,257.8,
03/22/2009,268.8,
03/23/2009,271.3,
03/24/2009,270.1,
03/25/2009,263.5,
03/26/2009,248,
03/27/2009,255.7,
03/31/2009,259.7,
04/01/2009,256.1,
04/02/2009,251.4,
04/03/2009,255.2,
04/04/2009,259.3,
04/05/2009,259.4,
04/07/2009,249.5,
04/08/2009,256,
04/09/2009,258.8,
04/16/2009,255,
04/22/2009,252.1,
04/25/2009,257,
04/26/2009,259.8,
04/29/2009,260.6,
05/01/2009,244.1,
05/02/2009,260.4,
05/03/2009,258.1,
05/04/2009,256.1,
05/05/2009,258.1,
05/07/2009,261.3,
05/08/2009,259,
05/09/2009,262.7,
05/10/2009,259.9,
05/14/2009,248.9,
05/15/2009,248.3,
05/17/2009,248,
05/18/2009,249.3,
05/20/2009,245.5,
05/21/2009,246.4,
05/22/2009,240.1,
05/30/2009,255,
05/31/2009,251.4,
06/01/2009,248.8,
06/03/2009,256.1,
06/04/2009,252.7,
06/05/2009,245.5,
06/06/2009,245.1,
06/08/2009,249.1,
06/09/2009,250.2,
06/10/2009,248.2,
06/11/2009,249.3,
06/12/2009,251.3,
06/13/2009,246.7,
06/18/2009,256.8,
06/23/2009,255.6,
06/25/2009,273.7,
07/03/2009,261.3,
07/09/2009,258.8,
07/10/2009,256.3,
07/13/2009,257,
07/14/2009,255.8,
07/15/2009,253.7,
07/17/2009,269.4,
07/24/2009,247.8,
07/28/2009,245.6,
07/29/2009,249.3,
07/30/2009,242.7,
08/10/2009,253.8,
08/11/2009,256.7,
08/12/2009,255.8,
08/13/2009,256.3,
08/17/2009,254.3,
08/19/2009,258.5,
08/27/2009,262.3,
08/29/2009,262,
08/30/2009,254.5,
09/09/2009,254.5,
09/10/2009,250,
09/11/2009,247.6,
09/14/2009,258.1,
09/16/2009,257.1,
09/23/2009,236.5,
09/25/2009,254.5,
09/28/2009,248.3,
09/30/2009,251.9,
10/05/2009,256.8,
10/06/2009,265.3,
10/12/2009,254.1,
10/13/2009,255.7,
01/30/2010,229.2,
02/01/2010,231.2,
02/02/2010,232.8,
02/03/2010,235.1,
02/09/2010,234,
02/10/2010,230.7,
02/11/2010,228,
02/12/2010,228.7,
02/19/2010,224,
02/24/2010,232.8,
02/26/2010,227.7,
03/02/2010,215.7,
03/05/2010,243,
03/11/2010,241.9,
03/12/2010,251.7,
03/13/2010,228.7,
03/16/2010,228.4,
03/30/2010,236.5,
04/06/2010,242.1,
04/20/2010,246.2,
04/25/2010,245,
05/01/2010,234,
05/05/2010,238.3,
05/08/2010,238.9,
05/21/2010,251.1,
05/26/2010,236.8,
05/31/2010,232.2,
06/28/2010,213.9,
06/29/2010,207.8,
07/01/2010,191.4,
07/13/2010,217,
07/22/2010,219.4,
07/23/2010,247.1,
07/24/2010,254.4,
08/05/2010,250.1,
08/10/2010,254.8,
08/13/2010,260,
08/15/2010,263.1,
08/16/2010,272.5,
08/17/2010,261.7,
08/18/2010,262,
08/19/2010,259.4,
08/31/2010,267.3,
09/04/2010,267.9,
09/05/2010,277.1,
09/06/2010,277,
09/07/2010,278.8,
09/08/2010,258.9,
09/09/2010,271.2,
09/10/2010,271.3,
09/11/2010,264.7,
09/12/2010,258.7,
09/13/2010,262.3,
09/14/2010,254.5,
09/15/2010,262.3,
09/16/2010,261.2,
09/17/2010,257.9,
09/18/2010,259.4,
09/21/2010,273,
09/24/2010,276.1,
09/26/2010,273.3,
09/27/2010,279.5,
09/28/2010,264.6,
09/30/2010,265.1,
10/01/2010,265.6,
10/06/2010,268.8,
10/08/2010,273.2,
10/10/2010,266.9,
10/11/2010,273.6,
10/13/2010,277.6,
10/16/2010,274.8,
10/17/2010,274.7,
10/20/2010,275.9,
10/21/2010,266.5,
10/24/2010,275.7,
10/25/2010,268.4,
10/26/2010,271.7,
10/27/2010,282.6,
10/28/2010,284.6,
10/29/2010,281.1,
10/30/2010,278.4,
10/31/2010,279.1,
11/17/2010,272.6,
11/18/2010,272.6,
11/23/2010,281.3,
11/24/2010,278.7,
12/01/2010,262.2,
12/02/2010,263.4,
12/03/2010,262.8,
12/06/2010,258.7,
12/08/2010,258.1,
12/16/2010,261,
12/18/2010,264.7,
12/19/2010,265.4,
12/20/2010,263.9,
12/21/2010,264.4,
12/22/2010,262.4,
12/23/2010,258.4,
12/24/2010,263.3,
01/03/2011,261.6,
01/04/2011,261.5,
01/05/2011,262.8,
01/12/2011,250.7,
01/13/2011,251.8,
01/16/2011,255.5,
01/17/2011,255.4,
01/19/2011,258,
01/20/2011,255.8,
01/21/2011,260,
01/24/2011,256.7,
01/25/2011,259.1,
01/26/2011,261.3,
01/28/2011,255.2,
01/29/2011,254.9,
02/02/2011,257.1,
02/04/2011,256.7,
02/05/2011,258.2,
02/06/2011,252,
02/07/2011,256.3,
02/08/2011,256.1,
02/09/2011,250,
02/10/2011,254.9,
02/11/2011,252.4,
02/18/2011,258.4,
02/22/2011,267.6,
02/24/2011,273,
02/27/2011,262,
02/28/2011,260.1,
03/03/2011,265.2,
03/04/2011,256.6,
03/07/2011,259.1,
03/08/2011,258.7,
03/09/2011,264.2,
03/10/2011,261.6,
03/11/2011,259.1,
03/13/2011,260.9,
03/15/2011,259.1,
03/22/2011,263.2,
03/25/2011,257.3,
03/26/2011,258,
03/27/2011,258.2,
03/29/2011,258.6,
04/01/2011,264.8,
04/04/2011,264.6,
04/05/2011,263.4,
04/07/2011,263.5,
04/08/2011,256,
04/09/2011,264,
04/10/2011,262.4,
04/11/2011,268.2,
04/12/2011,264.5,
04/13/2011,271.8,
04/18/2011,260.5,
04/19/2011,254.6,
04/20/2011,259.2,
04/21/2011,261.7,
04/22/2011,262.6,
04/23/2011,261.4,
04/24/2011,259.5,
05/04/2011,258.2,
05/10/2011,260.2,
05/12/2011,262.2,
05/15/2011,258.2,
05/17/2011,262,
05/19/2011,258.2,
05/23/2011,255.2,
05/25/2011,255.2,
05/26/2011,257.7,
05/27/2011,255.4,
06/07/2011,253.6,
06/08/2011,262,
06/09/2011,256.7,
06/11/2011,254.9,
06/12/2011,258.1,
06/13/2011,262.5,
06/14/2011,255.5,
06/29/2011,241.7,
07/11/2011,249.6,
07/12/2011,256.1,
07/13/2011,257,
07/18/2011,256.2,
07/20/2011,260.6,
07/23/2011,251.8,
07/28/2011,252.9,
07/30/2011,251.2,
08/20/2011,257.3,
08/23/2011,254.5,
08/24/2011,259.5,
09/03/2011,263.6,
09/14/2011,264.4,
09/18/2011,253,
09/19/2011,255.5,
09/20/2011,261.8,
09/21/2011,262.6,
09/24/2011,257.5,
09/26/2011,263.7,
09/28/2011,255.3,
09/29/2011,259.6,
10/04/2011,270.6,
10/05/2011,263.4,
10/06/2011,263.2,
10/07/2011,255.3,
10/23/2011,257.8,
10/26/2011,252,
10/30/2011,244.4,
10/31/2011,240.3,
11/01/2011,252.3,
11/05/2011,243.2,
11/09/2011,248.1,
11/15/2011,239.7,
11/16/2011,243.2,
11/18/2011,245.7,
11/22/2011,247.4,
11/23/2011,244.7,
11/24/2011,242.2,
11/30/2011,237.5,
12/06/2011,239.7,
12/07/2011,233.8,
12/08/2011,248.2,
12/09/2011,252.3,
12/11/2011,242,
12/13/2011,239,
12/14/2011,245.4,
12/15/2011,239.6,
12/19/2011,244.6,
12/20/2011,249,
12/21/2011,240.1,
01/04/2012,262.9,
01/09/2012,240.2,
01/10/2012,234,
01/12/2012,233.8,
01/13/2012,239.4,
01/14/2012,236.6,
01/15/2012,235.9,
01/16/2012,233,
01/17/2012,238.7,
01/18/2012,241.4,
01/19/2012,238.5,
01/20/2012,242.6,
01/21/2012,240.4,
01/22/2012,301.8,
01/23/2012,243.1,
01/24/2012,239.8,
01/25/2012,235.4,
01/26/2012,237.2,
01/27/2012,235.3,
01/31/2012,235.5,
02/01/2012,235.1,
02/02/2012,235.7,
02/03/2012,233.1,
02/06/2012,246.3,
02/07/2012,248.7,
02/08/2012,249.2,
02/09/2012,247.4,
02/10/2012,246.8,
02/11/2012,243,
02/13/2012,238.7,
02/14/2012,239.6,
02/19/2012,244.1,
02/20/2012,241.9,
02/21/2012,240.5,
02/22/2012,247.4,
02/24/2012,246,
02/27/2012,245.4,
02/28/2012,243.5,
02/29/2012,242,
03/01/2012,241.9,
03/04/2012,246.7,
03/05/2012,247.9,
03/06/2012,251.2,
03/07/2012,253.4,
03/08/2012,250.4,
03/09/2012,249.8,
03/10/2012,248.9,
03/11/2012,246,
03/12/2012,247.4,
03/13/2012,249.5,
03/14/2012,247.4,
03/15/2012,247.2,
03/16/2012,248.5,
03/18/2012,250.3,
03/19/2012,247.5,
03/20/2012,250.9,
03/21/2012,255.7,
03/22/2012,256.3,
03/26/2012,263.5,
03/27/2012,264.6,
03/28/2012,269.3,
03/29/2012,262.5,
03/30/2012,263.8,
04/10/2012,253.3,
04/11/2012,267.5,
04/16/2012,261.4,
04/18/2012,254.9,
04/19/2012,252.1,
04/20/2012,256.3,
04/22/2012,259.3,
04/26/2012,253.5,
04/28/2012,252.9,
04/30/2012,248.4,
05/01/2012,248.1,
05/05/2012,247.5,
05/06/2012,247,
05/07/2012,249.3,
05/08/2012,240.9,
05/10/2012,249.7,
05/11/2012,239.1,
05/14/2012,261.7,
05/17/2012,237.7,
05/18/2012,238.7,
05/21/2012,246.4,
05/24/2012,240.9,
05/29/2012,257.3,
05/30/2012,253.2,
05/31/2012,252,
06/08/2012,259.5,
06/11/2012,229.4,
06/12/2012,246.2,
06/25/2012,252.1,
06/29/2012,256.5,
07/03/2012,253.9,
07/24/2012,253.3,
08/06/2012,253.2,
08/09/2012,257.8,
08/13/2012,261.5,
08/14/2012,257.6,
08/15/2012,254.4,
08/16/2012,257.6,
08/21/2012,257.2,
08/22/2012,254.1,
08/29/2012,256.5,
08/30/2012,250.8,
08/31/2012,253.8,
09/03/2012,262.6,
09/04/2012,258.4,
09/05/2012,250.9,
09/10/2012,250.5,
09/14/2012,256.1,
09/17/2012,264.5,
09/18/2012,260.5,
09/19/2012,253.8,
09/20/2012,256.3,
09/21/2012,252.3,
09/22/2012,257,
09/25/2012,265.9,
09/26/2012,257.8,
09/28/2012,253,
10/01/2012,259.4,
10/02/2012,258.2,
10/03/2012,256.6,
10/04/2012,254.8,
10/05/2012,254.2,
10/08/2012,248.6,
10/09/2012,249.4,
10/11/2012,244,
10/12/2012,245,
10/15/2012,253,
10/19/2012,255.8,
10/22/2012,253,
10/23/2012,246.4,
10/24/2012,246.2,
10/25/2012,249.8,
10/26/2012,252.8,
10/29/2012,240,
10/30/2012,251.3,
10/31/2012,244.9,
11/01/2012,244.3,
11/07/2012,254.8,
11/08/2012,254.8,
11/12/2012,255.3,
11/13/2012,255.3,
11/16/2012,251.7,
11/18/2012,251.7,
11/19/2012,251.6,
11/20/2012,252.8,
11/21/2012,257.1,
11/29/2012,245,
12/05/2012,247.1,
12/06/2012,251.6,
12/10/2012,244.1,
12/11/2012,242.1,
12/13/2012,241.9,
12/18/2012,236.9,
12/20/2012,246.3,
12/24/2012,235.7,
12/31/2012,239,
01/03/2013,242.1,
01/04/2013,250.3,
01/07/2013,237.2,
01/08/2013,236.9,
01/10/2013,242.9,
01/11/2013,249.9,
01/12/2013,244.1,
01/14/2013,253.1,
01/15/2013,252,
01/16/2013,246.5,
01/17/2013,241.6,
01/18/2013,245.1,
01/22/2013,306.8,
01/23/2013,247.6,
01/24/2013,246.6,
01/25/2013,252.2,
01/28/2013,258.3,
01/30/2013,255,
01/31/2013,247.4,
02/04/2013,251.6,
02/20/2013,255.2,
02/21/2013,264.6,
02/22/2013,260.7,
02/25/2013,263.8,
02/27/2013,252.3,
03/07/2013,262.2,
04/02/2013,258.1,
04/03/2013,259.1,
04/04/2013,261.5,
04/05/2013,274.5,
04/08/2013,268.8,
04/10/2013,261.4,
04/11/2013,265,
05/07/2013,238.2,
05/24/2013,282.8,
05/27/2013,258.5,
05/28/2013,224.9,
06/06/2013,268.4,
06/07/2013,282.5,
06/13/2013,253,
06/14/2013,268.7,
06/21/2013,231.2,
06/24/2013,271.6,
06/26/2013,273.1,
06/27/2013,272.5,
07/04/2013,278,
07/05/2013,275.5,
07/08/2013,294.1,
07/09/2013,280.6,
07/10/2013,275.6,
07/11/2013,271.9,
07/15/2013,281.7,
07/16/2013,281.8,
07/17/2013,277,
07/18/2013,274.6,
07/19/2013,273.4,
07/26/2013,271,
08/02/2013,264.8,
08/08/2013,269.1,
08/13/2013,276.9,
08/14/2013,273,
08/16/2013,272.4,
08/26/2013,274.9,
08/28/2013,268.5,
09/03/2013,272.7,
09/07/2013,254.5,
09/09/2013,265.4,
09/11/2013,249.3,
09/12/2013,328.2,
09/13/2013,312.3,
09/16/2013,270.4,
09/17/2013,267.9,
09/18/2013,264.4,
09/19/2013,264.3,
09/20/2013,262.5,
09/25/2013,268.8,
09/27/2013,273.2,
09/30/2013,270.1,
10/02/2013,471.3,
10/07/2013,263.5,
10/08/2013,256.5,
10/10/2013,271.4,
10/11/2013,271.5,
10/14/2013,274.6,
10/15/2013,263.4,
10/16/2013,261.4,
10/17/2013,274.8,
10/18/2013,242.1,
10/22/2013,281.7,
10/23/2013,293.6,
10/26/2013,265.9,
10/29/2013,281.3,
10/30/2013,275.7,
10/31/2013,262,
11/03/2013,317.2,
11/04/2013,239,
11/06/2013,258.1,
11/07/2013,254.1,
11/12/2013,251.3,
11/15/2013,268,
11/18/2013,257.4,
11/19/2013,253.5,
11/21/2013,259,
11/22/2013,268.5,
11/28/2013,254.4,
12/31/2013,238.9,
01/02/2014,247.2,
01/03/2014,245,
01/04/2014,239.1,
01/05/2014,240.1,
01/06/2014,238.7,
01/07/2014,243.1,
01/09/2014,237.8,
01/10/2014,245.8,
01/13/2014,237.9,
01/24/2014,249.4,
01/27/2014,249.4,
01/29/2014,243.7,
01/30/2014,257.5,
01/31/2014,256.6,
02/03/2014,257.3,
02/04/2014,248.9,
02/05/2014,248,
02/06/2014,239.9,
02/07/2014,248,
03/03/2014,250.7,
03/04/2014,254.4,
03/05/2014,261.4,
03/10/2014,262,
03/11/2014,252.9,
03/12/2014,262.8,
03/18/2014,238.8,
03/20/2014,249.8,
03/21/2014,257.6,
03/25/2014,254.2,
03/28/2014,280.4,
03/29/2014,264.1,
03/31/2014,261.1,
04/01/2014,259.2,
04/02/2014,308.7,
04/07/2014,266.8,
04/08/2014,248.3,
04/09/2014,256,
04/10/2014,257.3,
04/22/2014,263,
04/29/2014,262.8,
04/30/2014,264.5,
05/23/2014,271.2,
05/28/2014,268,
05/30/2014,270,
06/03/2014,263.2,
06/09/2014,263.6,
06/16/2014,267.4,
06/17/2014,276.3,
06/19/2014,255.6,
07/08/2014,272.7,
07/14/2014,246.4,
07/17/2014,278.2,
07/18/2014,261.2,
07/21/2014,281.5,
07/28/2014,284.5,
08/21/2014,257.6,
08/28/2014,261,
08/29/2014,276.9,
09/15/2014,257.6,
09/18/2014,259.4,
09/22/2014,253.8,
09/24/2014,264,
10/01/2014,254.2,
10/02/2014,295.4,
10/06/2014,248.2,
10/07/2014,248.3,
10/08/2014,246.5,
10/09/2014,259.1,
10/10/2014,275.1,
10/13/2014,248.5,
10/14/2014,248,
10/15/2014,263.5,
10/16/2014,255.6,
10/21/2014,259.4,
10/27/2014,264.9,
10/29/2014,247.1,
11/04/2014,236.2,
11/05/2014,237.6,
11/06/2014,240.3,
11/07/2014,268.7,
11/12/2014,249.6,
11/17/2014,242.4,
11/19/2014,236.2,
11/20/2014,242.6,
11/25/2014,235.7,
11/26/2014,235.8,
11/27/2014,243.1,
11/28/2014,244.7,
12/01/2014,229.6,
12/04/2014,239.7,
12/05/2014,244.4,
12/08/2014,229.6,
12/15/2014,249.7,
12/16/2014,256.3,
12/17/2014,247.3,
12/18/2014,253.6,
12/19/2014,257.1,
12/20/2014,231.8,
12/23/2014,239.6,
12/25/2014,231.8,
12/29/2014,248.5,
12/30/2014,243.3,
12/31/2014,245.6,
01/02/2015,243.1,
01/07/2015,242.1,
01/19/2015,246.7,
01/27/2015,244.1,
01/28/2015,237.3,
02/02/2015,247.3,
02/04/2015,234.6,
02/09/2015,264.5,
02/11/2015,259.1,
02/12/2015,256.5,
02/17/2015,270.3,
02/19/2015,251.8,
02/20/2015,256.8,
02/26/2015,262,
02/27/2015,265,
03/02/2015,253.4,
03/03/2015,243.3,
03/04/2015,242.5,
03/05/2015,247.9,
03/06/2015,252,
03/09/2015,267.8,
03/10/2015,248.3,
03/11/2015,248.6,
03/12/2015,274.9,
03/13/2015,272.9,
03/16/2015,259.8,
03/17/2015,260.9,
03/18/2015,246.1,
03/19/2015,276.9,
03/20/2015,246.8,
03/27/2015,248.6,
05/14/2015,252.3,
05/15/2015,252.7,
05/20/2015,268.6,
05/22/2015,267.2,
05/25/2015,261.3,
05/27/2015,262.9,
05/29/2015,256.5,
06/02/2015,256.8,
06/03/2015,270.1,
06/04/2015,276.8,
06/15/2015,267.3,
06/16/2015,272.5,
06/17/2015,267.3,
06/25/2015,247.5,
07/13/2015,262,
07/16/2015,282.3,
07/17/2015,279,
07/20/2015,263.6,
07/27/2015,288.5,
07/31/2015,283.6,
08/04/2015,267.8,
08/05/2015,273.4,
08/10/2015,294.9,
08/12/2015,275,
08/13/2015,282.5,
08/14/2015,272.9,
08/19/2015,268.1,
08/24/2015,297.2,
08/25/2015,282.1,
08/26/2015,272.9,
08/27/2015,263.6,
08/28/2015,272.7,
09/01/2015,275,
09/02/2015,278.4,
09/08/2015,288.1,
09/09/2015,286.1,
09/10/2015,279.9,
09/11/2015,282.8,
09/14/2015,275.2,
09/15/2015,276.1,
09/16/2015,268.3,
09/17/2015,271.3,
09/18/2015,270.2,
09/21/2015,296.7,
09/22/2015,287.8,
09/23/2015,275.7,
09/24/2015,272.9,
09/25/2015,275.8,
09/28/2015,278.7,
09/29/2015,277.7,
09/30/2015,284.9,
10/01/2015,278.9,
10/02/2015,323.3,
10/05/2015,272.7,
10/06/2015,274,
10/09/2015,271.6,
10/12/2015,267,
10/13/2015,263.4,
10/14/2015,275,
10/15/2015,271.8,
10/16/2015,276,
10/19/2015,256.2,
10/21/2015,272.7,
10/22/2015,257.2,
10/26/2015,281.4,
10/27/2015,278.9,
10/28/2015,262.8,
10/30/2015,258,
11/02/2015,273.2,
11/04/2015,278.8,
11/06/2015,245,
11/10/2015,252,
11/11/2015,246.8,
11/12/2015,259.4,
11/13/2015,285.1,
11/16/2015,272.6,
11/18/2015,284.6,
11/19/2015,246.3,
11/20/2015,251.8,
11/23/2015,268.2,
11/24/2015,258.1,
11/27/2015,255.1,
11/30/2015,244.6,
12/01/2015,235.7,
12/02/2015,263.4,
12/03/2015,248.9,
12/04/2015,265.7,
12/08/2015,259.2,
12/09/2015,261.2,
12/10/2015,254.5,
12/11/2015,262.9,
12/17/2015,246.7,
12/21/2015,248.3,
12/22/2015,246.3,
12/23/2015,281.1,
12/24/2015,255.5,
12/25/2015,286.8,
12/26/2015,294.3,
12/28/2015,285.7,
12/29/2015,247.8,
12/30/2015,258.2,
12/31/2015,294.7,
01/01/2016,287,
01/02/2016,287.7,
01/03/2016,298.2,
01/04/2016,239.9,
01/05/2016,254.5,
01/06/2016,252.8,
01/07/2016,249,
01/08/2016,251,
01/09/2016,259.4,
01/11/2016,246,
01/12/2016,238.8,
01/13/2016,251,
01/14/2016,250.5,
01/15/2016,251,
01/18/2016,254.3,
01/22/2016,276.3,
01/25/2016,256.8,
01/26/2016,258.8,
01/27/2016,258.9,
01/28/2016,259.4,
01/29/2016,251.5,
02/01/2016,256.8,
02/02/2016,253.7,
02/03/2016,235.5,
02/04/2016,255.3,
02/05/2016,251.4,
02/08/2016,236.9,
02/10/2016,244.1,
02/11/2016,230.4,
02/12/2016,259.3,
02/15/2016,252.8,
02/16/2016,257.2,
02/17/2016,258,
02/18/2016,262.3,
02/19/2016,265.3,
02/22/2016,271.1,
02/23/2016,269.2,
02/24/2016,250.4,
02/25/2016,266.7,
02/26/2016,270.2,
02/29/2016,250.7,
03/01/2016,265.5,
03/02/2016,253.9,
03/03/2016,269.9,
03/04/2016,272.1,
03/11/2016,244.6,
03/14/2016,256.5,
03/15/2016,260.7,
03/16/2016,266.4,
03/17/2016,249.3,
03/18/2016,246.6,
03/21/2016,249.9,
03/22/2016,221.5,
03/23/2016,263.8,
03/24/2016,253.5,
03/29/2016,254.1,
03/30/2016,258.6,
03/31/2016,280.2,
04/01/2016,245.7,
04/06/2016,269,
04/07/2016,247.9,
04/08/2016,254.5,
04/11/2016,257.9,
04/12/2016,259.9,
04/13/2016,248.9,
04/14/2016,259.1,
04/15/2016,266,
04/18/2016,255.8,
04/19/2016,258.3,
04/22/2016,257.8,
04/25/2016,224.1,
04/26/2016,265.3,
04/27/2016,263.6,
04/28/2016,256.8,
04/29/2016,262.4,
05/02/2016,251.9,
05/03/2016,254.2,
05/04/2016,258.8,
05/09/2016,251.8,
05/10/2016,282.4,
05/11/2016,250.9,
05/12/2016,252.1,
05/13/2016,258.2,
05/16/2016,259.3,
05/17/2016,257.1,
05/20/2016,254.3,
05/23/2016,254.5,
05/24/2016,264.6,
05/26/2016,271,
05/30/2016,260.2,
05/31/2016,266.4,
06/02/2016,267.9,
06/03/2016,261.9,
06/06/2016,259.4,
06/07/2016,263.4,
06/08/2016,260.3,
06/09/2016,259,
06/13/2016,260.7,
06/14/2016,256.3,
06/15/2016,261.4,
06/27/2016,261.8,
06/28/2016,248,
06/29/2016,260.1,
06/30/2016,254.2,
07/01/2016,269.8,
07/04/2016,259.8,
07/05/2016,262.1,
07/08/2016,255.9,
07/18/2016,260.7,
07/19/2016,260.8,
07/20/2016,228.3,
07/21/2016,258.7,
07/22/2016,263.9,
07/25/2016,271.7,
07/26/2016,270.1,
07/27/2016,274,
08/01/2016,265.7,
08/02/2016,263.4,
08/09/2016,274.9,
08/16/2016,266.9,
08/17/2016,269.6,
08/18/2016,274.2,
08/22/2016,292.7,
08/23/2016,274.6,
08/25/2016,272.7,
09/08/2016,264.8,
09/09/2016,275.4,
09/14/2016,269.7,
09/15/2016,266.5,
09/19/2016,268.4,
09/20/2016,261.4,
09/27/2016,272.7,
09/28/2016,266.2,
09/29/2016,274.7,
10/03/2016,265.3,
10/05/2016,274.9,
10/06/2016,288.8,
10/10/2016,279.5,
10/12/2016,269.6,
10/13/2016,290.1,
10/14/2016,275.1,
10/18/2016,264.1,
10/19/2016,264.1,
10/21/2016,275.6,
10/24/2016,277.5,
10/26/2016,273.5,
11/01/2016,262.2,
11/03/2016,263.6,
11/04/2016,253.6,
11/07/2016,246.8,
11/09/2016,243.8,
11/14/2016,251,
11/22/2016,265.3,
11/24/2016,253.6,
11/28/2016,259.1,
11/29/2016,255.8,
11/30/2016,257.1,
12/01/2016,260.1,
12/02/2016,252.4,
12/05/2016,256.2,
12/06/2016,258.2,
12/07/2016,255.6,
12/08/2016,256.5,
12/09/2016,252.4,
12/13/2016,262.5,
12/14/2016,256.4,
12/15/2016,260.1,
12/20/2016,263.8,
01/03/2017,290.8,
01/04/2017,248.7,
01/05/2017,249.7,
01/10/2017,247.8,
01/11/2017,247.7,
01/12/2017,244.5,
01/13/2017,245.1,
01/16/2017,236.9,
01/17/2017,268.5,
01/18/2017,247.6,
01/19/2017,255.9,
01/20/2017,251.7,
01/23/2017,247.4,
01/24/2017,254.3,
01/25/2017,252,
01/26/2017,247.3,
01/27/2017,248.5,
01/30/2017,248.6,
02/01/2017,246.6,
02/03/2017,245.5,
02/06/2017,251.9,
02/07/2017,248.8,
02/08/2017,255.4,
02/09/2017,223.6,
02/10/2017,257.6,
02/13/2017,254.5,
02/15/2017,256.9,
02/16/2017,247.4,
02/17/2017,252.3,
02/22/2017,267.7,
02/27/2017,256.8,
02/28/2017,252.7,
03/01/2017,250.8,
03/02/2017,282.5,
03/03/2017,244.7,
03/06/2017,234,
03/07/2017,246.4,
03/08/2017,250.5,
03/09/2017,254.1,
03/10/2017,254.4,
03/13/2017,251.6,
03/21/2017,251.8,
03/22/2017,254.7,
05/02/2017,251.2,
05/04/2017,262.4,
05/16/2017,305.2,
05/18/2017,249.3,
05/22/2017,243.4,
05/26/2017,251.1,
06/07/2017,251.1,
06/08/2017,250,
06/12/2017,252.3,
06/13/2017,253.3,
06/19/2017,247.8,
06/27/2017,251.7,
07/03/2017,271.5,
07/05/2017,252.4,
07/07/2017,260.8,
07/10/2017,262.8,
07/11/2017,252.2,
07/12/2017,246.4,
07/13/2017,253.2,
07/17/2017,251.1,
07/18/2017,247.7,
07/19/2017,253.1,
07/26/2017,258.1,
08/01/2017,246.9,
08/10/2017,271.9,
08/16/2017,349.1,
08/17/2017,260.1,
08/18/2017,263,
08/25/2017,243.1,
08/31/2017,248.4,
09/01/2017,263.1,
09/06/2017,240.9,
09/26/2017,248.8,
09/27/2017,248.7,
09/28/2017,257.9,
10/02/2017,261.9,
10/03/2017,266.1,
10/04/2017,260.2,
10/05/2017,251.7,
10/06/2017,251.7,
10/09/2017,260.2,
10/10/2017,262.2,
10/11/2017,268.4,
10/12/2017,260.9,
10/13/2017,262.4,
10/16/2017,250.3,
10/17/2017,250.5,
10/18/2017,254,
10/19/2017,232.3,
10/24/2017,250.9,
10/27/2017,248.6,
10/31/2017,242.9,
11/01/2017,216.7,
11/08/2017,247.5,
11/09/2017,251.1,
11/13/2017,227.1,
11/15/2017,266.7,
11/16/2017,249.5,
11/17/2017,243.4,
11/22/2017,250.2,
11/23/2017,256.6,
11/24/2017,294.3,
11/27/2017,244.4,
11/29/2017,243.1,
12/01/2017,238.2,
12/04/2017,233.8,
12/05/2017,268.3,
12/06/2017,288.6,
12/07/2017,250.2,
12/11/2017,283.6,
12/13/2017,234.3,
12/14/2017,265.3,
12/15/2017,245,
12/18/2017,241.4,
12/20/2017,237.7,
12/21/2017,238.2,
12/22/2017,239.2,
12/27/2017,239.3,
12/28/2017,240.8,
12/29/2017,233.4,
01/02/2018,236.3,
01/05/2018,236.5,
01/08/2018,240.7,
01/09/2018,227.3,
01/10/2018,216.3,
01/11/2018,267.8,
01/12/2018,233.7,
01/15/2018,265,
01/16/2018,235.4,
01/17/2018,220.7,
01/18/2018,218.2,
01/19/2018,231.4,
01/22/2018,222.7,
01/23/2018,225.4,
01/24/2018,281.7,
01/25/2018,239.1,
01/29/2018,238.2,
01/30/2018,251.1,
01/31/2018,238.2,
02/01/2018,232,
02/02/2018,228.1,
02/05/2018,241.3,
02/06/2018,238.5,
02/07/2018,229.3,
02/08/2018,226.7,
02/09/2018,244.2,
02/13/2018,230.8,
02/14/2018,230,
02/15/2018,252.7,
02/16/2018,228.1,
02/19/2018,228.4,
02/20/2018,233.4,
02/21/2018,194.6,
02/22/2018,234.2,
02/23/2018,228.6,
02/26/2018,233.7,
02/27/2018,241.4,
02/28/2018,237.8,
03/01/2018,234.2,
03/07/2018,238.7,
03/08/2018,233.8,
03/09/2018,222.4,
03/14/2018,237,
03/21/2018,187.2,
03/22/2018,238.6,
03/27/2018,255.1,
03/28/2018,251.5,
04/10/2018,234.8,
04/12/2018,236.9,
04/14/2018,247.5,
05/16/2018,229.8,
05/18/2018,227.8,
05/25/2018,236.1,
05/28/2018,242.9,
05/29/2018,241.5,
05/30/2018,244.1,
05/31/2018,250.2,
06/04/2018,245.7,
06/11/2018,245.4,
06/12/2018,240.8,
06/13/2018,234.6,
06/20/2018,249.1,
06/22/2018,244,
06/27/2018,249.4,
06/28/2018,232.7,
07/17/2018,251.1,
07/27/2018,249.4,
08/01/2018,250,
08/02/2018,256.4,
08/03/2018,246.2,
08/06/2018,253.6,
08/07/2018,265.1,
08/09/2018,250.7,
08/14/2018,257.6,
08/22/2018,274.5,
08/27/2018,282.2,
09/10/2018,263.7,
09/11/2018,292.9,
09/12/2018,222.1,
09/13/2018,269.1,
09/14/2018,284.3,
09/17/2018,276.8,
09/18/2018,266.4,
09/19/2018,284.4,
09/20/2018,272.5,
09/21/2018,279.6,
09/24/2018,284.4,
09/25/2018,266.7,
09/26/2018,283.3,
10/01/2018,263.9,
10/02/2018,254.7,
10/03/2018,252.9,
10/04/2018,279,
10/05/2018,276.6,
10/08/2018,303.9,
10/11/2018,291.1,
10/12/2018,234.7,
10/15/2018,281.1,
10/16/2018,261.9,
10/17/2018,259.3,
10/18/2018,270.1,
10/19/2018,271.8,
10/22/2018,272.3,
10/31/2018,271.3,
11/01/2018,268.7,
11/02/2018,264.1,
11/05/2018,256.3,
11/06/2018,259.6,
11/07/2018,262.4,
11/08/2018,238.2,
11/09/2018,243.2,
11/12/2018,263.5,
11/13/2018,254.7,
11/14/2018,259.8,
11/15/2018,262.3,
11/16/2018,259.1,
11/19/2018,253.7,
11/20/2018,249.1,
11/22/2018,249.8,
11/23/2018,255.7,
11/26/2018,254.8,
11/27/2018,253.1,
12/05/2018,249,
12/06/2018,252.6,
12/07/2018,255.5,
12/13/2018,240.5,
12/14/2018,237.6,
12/17/2018,252.4,
12/18/2018,245.3,
01/02/2019,246.1,
01/03/2019,242.8,
01/07/2019,247.8,
01/08/2019,244.7,
01/09/2019,246,
01/10/2019,248.2,
01/11/2019,257.1,
01/14/2019,244.9,
01/15/2019,238.5,
01/17/2019,246,
01/21/2019,246.9,
01/22/2019,247.8,
01/23/2019,250.9,
01/24/2019,251,
01/25/2019,251,
01/28/2019,253.7,
01/29/2019,251.5,
01/30/2019,250.2,
01/31/2019,252.2,
02/01/2019,253.5,
02/02/2019,250.6,
02/04/2019,261.1,
02/05/2019,250.7,
02/06/2019,282.8,
02/07/2019,251.4,
02/08/2019,245.1,
02/11/2019,251.9,
02/12/2019,251.8,
02/13/2019,250.7,
02/14/2019,253,
02/15/2019,256.1,
02/18/2019,256.9,
02/19/2019,255.1,
02/20/2019,251.5,
02/21/2019,230.6,
02/25/2019,253.7,
02/26/2019,254,
02/27/2019,249,
02/28/2019,257.9,
03/01/2019,257.9,
03/04/2019,254.4,
03/05/2019,254.4,
03/06/2019,253.3,
03/07/2019,259.6,
03/08/2019,258.3,
03/11/2019,254.9,
03/12/2019,272.5,
03/14/2019,250.2,
03/15/2019,258.5,
03/18/2019,254,
03/19/2019,254.1,
03/20/2019,257.8,
03/21/2019,261.4,
03/22/2019,269.6,
03/25/2019,260.1,
03/26/2019,263.7,
03/27/2019,260.5,
03/28/2019,267.9,
03/29/2019,266.3,
04/01/2019,272.4,
04/02/2019,267.2,
04/03/2019,272.2,
04/08/2019,275.1,
04/09/2019,265.7,
04/10/2019,268.5,
04/11/2019,260.3,
04/12/2019,276.8,
04/15/2019,274.4,
04/16/2019,275.7,
04/17/2019,267.8,
06/12/2019,254,
07/09/2019,277.6,
07/11/2019,266.3,
07/12/2019,257.2,
07/15/2019,249.8,
07/18/2019,255.8,
07/22/2019,259.2,
07/23/2019,306.7,
07/25/2019,276.3,
08/05/2019,297.3,
08/06/2019,297.1,
08/08/2019,308.2,
08/14/2019,397.6,
08/26/2019,279.6,
08/27/2019,297.5,
08/28/2019,326.5,
09/02/2019,300.1,
09/03/2019,308,
10/12/2019,246.1,
10/17/2019,206.3,
10/18/2019,208.7,
01/06/2020,247.1,
01/13/2020,277.2,
01/14/2020,244.8,
01/15/2020,241.4,
01/16/2020,252.6,
01/17/2020,247,
01/20/2020,253.8,
01/21/2020,239.9,249.9
01/22/2020,243,
01/23/2020,247.7,254.7
01/24/2020,259.4,
01/27/2020,249.5,
01/28/2020,238.7,
01/29/2020,237.2,233.6
01/30/2020,236.2,
01/31/2020,235.8,
02/03/2020,226.9,
02/05/2020,242,
02/06/2020,242.1,
02/07/2020,245.2,
02/10/2020,239.2,
02/12/2020,247.3,
02/13/2020,241.8,
02/14/2020,236.2,
02/17/2020,248.3,
02/18/2020,243.1,
02/19/2020,274.4,
02/20/2020,249.8,
02/21/2020,246.7,
02/24/2020,248.8,
02/25/2020,249.8,
02/26/2020,238.1,
02/27/2020,237.8,
02/28/2020,241.7,
03/02/2020,255.1,
03/03/2020,255.1,
03/04/2020,257.6,
03/05/2020,251.7,253.3
03/06/2020,260.5,
03/09/2020,256.7,261
03/10/2020,259,263.9
03/11/2020,256.1,
03/12/2020,254.6,
03/13/2020,243.8,
03/16/2020,255.2,
03/17/2020,244.7,
03/18/2020,257,253.8
03/19/2020,254.4,
03/20/2020,248.1,256.4
03/23/2020,243.9,
03/24/2020,238.8,
03/25/2020,238.2,
03/26/2020,251.9,
03/27/2020,246.3,255.3
03/30/2020,257.2,
03/31/2020,244,
04/01/2020,249,
04/02/2020,249.6,
04/03/2020,255.4,
05/05/2020,242.7,
05/06/2020,242.3,
05/07/2020,249.1,238.6
05/08/2020,244.1,241.7
05/11/2020,236.4,
05/12/2020,242.2,
05/13/2020,246.5,237.4
05/14/2020,241.8,
05/15/2020,235.6,
05/18/2020,248.6,
05/19/2020,266.6,
05/20/2020,251.5,250.2
05/21/2020,257.4,250.5
05/22/2020,256,251.4
05/25/2020,245.2,
05/26/2020,258.6,255.7
05/27/2020,257.2,253.3
05/28/2020,255.1,
05/29/2020,266.5,
06/02/2020,253.3,
06/03/2020,250.1,
06/04/2020,248.6,
06/05/2020,245.4,
06/08/2020,249.9,
06/09/2020,256.3,
06/10/2020,255.6,
06/11/2020,254.2,
06/12/2020,255.9,
06/17/2020,254.4,
06/18/2020,249.4,
12/01/2021,250.5,
12/03/2021,249.4,
07/01/2022,210.8,
07/04/2022,276.8,256.6
07/05/2022,268.7,235.5
07/06/2022,264.6,
07/07/2022,269.4,252.2
07/08/2022,176.6,
07/11/2022,258.1,
07/13/2022,282.7,
07/14/2022,269,235.4
07/15/2022,207.1,
07/18/2022,255.6,
07/19/2022,274.2,257.8
07/20/2022,269.9,
07/21/2022,254.5,
07/22/2022,224.6,
07/25/2022,266.5,
07/26/2022,259.7,
07/27/2022,271.9,243.7
07/28/2022,217.9,
07/29/2022,261.5,
08/01/2022,230.1,
08/02/2022,255.9,
08/03/2022,253.9,
08/04/2022,256.4,
08/05/2022,246.8,
08/06/2022,255.4,
08/08/2022,255.7,
08/10/2022,253.9,241.6
08/11/2022,253.7,
08/12/2022,285.4,262.6
08/15/2022,257,
08/16/2022,284.3,238.8
08/17/2022,249.9,
08/18/2022,275.3,
08/19/2022,279.4,
08/22/2022,259.8,
08/23/2022,253.9,
08/24/2022,223.1,257.5
08/25/2022,256.2,
08/26/2022,274.1,214.2
08/29/2022,269,257.5
08/30/2022,281.6,220.8
08/31/2022,256.4,
09/14/2022,257.9,
09/15/2022,257.1,
09/16/2022,273.2,257.8
09/19/2022,273.4,
09/20/2022,269.7,
09/21/2022,273.7,212.5
09/22/2022,268,245.5
09/23/2022,272.5,256.8
09/26/2022,268.2,240
09/27/2022,292.2,
09/28/2022,274.4,
09/29/2022,286.9,
09/30/2022,276.1,257.8
10/03/2022,301.8,
10/04/2022,280.9,236.1
10/05/2022,284.1,257.5
10/06/2022,284,263.6
10/07/2022,296.5,
10/11/2022,290.5,225.8
10/12/2022,287.1,
10/13/2022,311.8,
10/14/2022,290.8,
10/17/2022,281.3,
10/18/2022,292.1,217.7
10/19/2022,292.4,229.5
10/21/2022,310.5,
10/24/2022,279.7,
10/25/2022,290.7,
10/26/2022,287,
10/27/2022,268.8,257.7
10/28/2022,276.5,261.6
10/31/2022,255.7,
11/01/2022,255.7,
11/02/2022,264.2,259.9
11/03/2022,258,
11/04/2022,260.8,252.6
11/07/2022,275.2,259.6
11/09/2022,262.4,
11/11/2022,274.2,258.4
11/14/2022,256.5,
11/15/2022,252.3,
11/16/2022,256.1,
11/17/2022,272.5,
11/21/2022,272.5,
11/22/2022,258.4,
11/23/2022,266.6,258.5
11/24/2022,253.6,
11/25/2022,266.2,254.7
11/28/2022,249.3,
11/29/2022,268.7,
11/30/2022,276,
12/01/2022,314.2,
12/02/2022,263.6,
12/05/2022,263.4,
12/06/2022,283.9,
12/07/2022,277,258.3
12/08/2022,262.6,276
12/09/2022,270,
12/13/2022,267.3,259.4
12/14/2022,264.9,
12/15/2022,262.9,
12/16/2022,269.5,
12/19/2022,267.1,
12/20/2022,267.5,
12/21/2022,271.4,
12/22/2022,281.5,266
12/23/2022,269.8,264.9
12/27/2022,264.6,
12/28/2022,258,251.2
12/29/2022,265.1,265.2
12/30/2022,266.7,261.2
01/04/2023,262.5,266
01/05/2023,266.6,286.2
01/09/2023,262.7,257.8
01/17/2023,247.6,244.3
01/23/2023,251.3,241.9
01/24/2023,246.8,244.1
01/25/2023,249.7,
01/26/2023,248.4,
01/27/2023,249.3,
01/30/2023,257.2,
01/31/2023,250.2,
02/01/2023,250.7,
02/02/2023,250.5,
02/03/2023,249,
02/06/2023,256.5,
02/07/2023,252.5,
02/08/2023,251.3,
02/09/2023,253.2,
02/10/2023,251.9,
02/13/2023,255.7,
02/14/2023,261.2,
02/15/2023,257.7,
02/16/2023,257.7,
02/17/2023,258.4,
02/20/2023,253.1,
02/21/2023,257.9,
02/22/2023,257.8,
02/23/2023,255.8,
02/24/2023,257.7,
02/27/2023,265.8,262.7
02/28/2023,271.5,254
03/01/2023,272.5,
03/02/2023,264.4,
03/03/2023,271.2,
03/06/2023,262.7,
03/07/2023,263.8,
03/08/2023,268.4,
03/09/2023,273.6,
03/10/2023,267,
03/13/2023,274.5,
03/14/2023,271.7,255.1
03/15/2023,260.9,
03/16/2023,264.3,
03/17/2023,287.5,267.9
03/21/2023,268.6,261.7
03/22/2023,269.6,256.9
03/23/2023,272.7,
03/24/2023,262.6,262.2
03/27/2023,260,
03/28/2023,260.6,
03/29/2023,268.8,
03/30/2023,263.3,
03/31/2023,277.8,
04/03/2023,249.7,
04/04/2023,264.9,256.8
04/05/2023,251.2,
04/06/2023,254.8,
04/11/2023,264.8,253.9
04/12/2023,271,267.5
04/13/2023,277,258.1
04/17/2023,267.6,255.4
04/25/2023,272.6,252
04/26/2023,243.8,245.2
04/27/2023,246.5,238.3
04/28/2023,254.2,
05/02/2023,244.5,240.8
05/03/2023,263.8,249.5
05/04/2023,256.9,253.7
05/05/2023,237.6,243.4
05/08/2023,244.2,256.4
05/09/2023,259.8,267.9
05/10/2023,252.6,
05/11/2023,254.2,
05/12/2023,250.9,253.1
05/15/2023,242.8,243
05/16/2023,240.2,252.7
05/17/2023,282.9,258.5
05/18/2023,261.8,253.6
05/19/2023,254.6,
05/22/2023,263.2,
05/23/2023,254.8,255.8
05/24/2023,264.9,254.5
05/25/2023,269.6,262.9
05/26/2023,262.1,248.2
05/29/2023,254.5,
05/30/2023,257,
05/31/2023,250.8,247
06/02/2023,250.6,
06/05/2023,256.8,256.8
06/06/2023,252,257.6
06/07/2023,257.6,259.8
06/08/2023,281.1,
06/09/2023,260.5,253
06/12/2023,261.9,254.4
06/13/2023,257.7,256.4
06/14/2023,252.1,246.4
06/15/2023,250.9,
06/16/2023,253,251.9
06/19/2023,251.9,248.2
06/20/2023,251.9,
06/21/2023,252.5,
06/22/2023,250.4,
06/23/2023,255.8,
06/26/2023,255.5,254.8
06/27/2023,253.9,
06/29/2023,256.4,254.2
06/30/2023,253.2,248.3
07/03/2023,247.2,
07/04/2023,253.4,
07/05/2023,252.8,
07/06/2023,250.2,
07/07/2023,253.3,
07/10/2023,265.2,
07/11/2023,257.7,
07/13/2023,251.8,
07/14/2023,257.7,254.7
07/17/2023,246.4,
07/18/2023,247.6,
07/19/2023,241.8,
07/20/2023,252.4,
07/21/2023,241.2,235.3
07/24/2023,256.9,247
07/25/2023,259.4,248.7
07/26/2023,258.9,255.7
07/27/2023,262.1,252.1
07/28/2023,257.4,
07/31/2023,266.4,255.3
08/01/2023,262.3,256.9
08/02/2023,260.1,
08/03/2023,256.1,
08/04/2023,254.1,
08/07/2023,260.8,247.5
08/08/2023,250.8,
08/09/2023,247.4,
08/10/2023,253.7,256.6
08/11/2023,250,
08/14/2023,259,256
08/15/2023,262.4,257
08/16/2023,247.4,258.5
08/17/2023,256.6,
08/18/2023,270,258.2
08/21/2023,265.1,248
08/22/2023,264.9,258.4
08/23/2023,264.1,260.8
08/24/2023,265.2,259
08/25/2023,266.4,268
08/28/2023,253.5,
08/29/2023,253.4,
08/30/2023,250.1,
08/31/2023,256,
09/01/2023,264.4,256.8
09/04/2023,261.3,254.2
09/05/2023,266,
09/06/2023,263.8,249.3
09/07/2023,256.6,250.2
09/08/2023,253.6,
09/11/2023,257.7,247.2
09/12/2023,259.7,251.1
09/13/2023,251.5,
09/14/2023,266.9,257.7
09/15/2023,254.1,
09/18/2023,260.3,253.6
09/19/2023,266,266
09/20/2023,262.2,258.6
09/21/2023,262.6,261.2
09/22/2023,254.7,248.2
09/25/2023,257.8,246.8
09/26/2023,255.7,
09/27/2023,256.4,244.2
09/28/2023,259.1,251.8
09/29/2023,255.8,251.1
10/02/2023,252.3,263.4
10/03/2023,257.1,
10/04/2023,242.7,
10/05/2023,248.1,
10/06/2023,250.2,246.1
10/09/2023,252.9,
10/11/2023,253.5,250.2
10/12/2023,249,
10/13/2023,248.7,247.3
10/16/2023,258.3,246.2
10/17/2023,252.9,249.8
10/18/2023,257,248.1
10/19/2023,248.8,
10/23/2023,256.8,245.8
10/24/2023,253.1,
10/25/2023,253.7,256.9
10/26/2023,246.6,
10/27/2023,250.4,
10/30/2023,247.7,242.1
10/31/2023,246.8,243.6
11/01/2023,252.6,245.5
11/02/2023,239.4,
11/03/2023,242.6,
11/06/2023,238.8,236.7
11/07/2023,247.4,236.5
11/08/2023,242.8,
11/09/2023,249.1,236.2
11/10/2023,238.3,
11/14/2023,238.5,234.4
11/15/2023,238.3,
11/16/2023,232.9,
11/17/2023,235.8,
11/20/2023,234.7,
11/21/2023,239.3,235.1
11/22/2023,240.3,239.1
11/23/2023,240,236.4
11/24/2023,233.5,
11/27/2023,243.1,
11/28/2023,234.9,
11/29/2023,244.9,241.9
11/30/2023,241.1,
12/01/2023,241.3,235
12/04/2023,241,234.1
12/05/2023,238.4,231.9
12/06/2023,236.9,233.4
12/07/2023,235.1,
12/08/2023,236.7,
12/11/2023,240.3,
12/13/2023,240,234.4
12/14/2023,235.5,234.6
12/15/2023,234.5,
12/18/2023,242,
12/19/2023,242,232.6
12/20/2023,241.1,
12/21/2023,245.3,250.3
12/22/2023,245.1,244.6
12/27/2023,240.3,
12/28/2023,252.5,
12/29/2023,242.4,243.8
01/02/2024,237.5,237.7
01/03/2024,233.7,
01/04/2024,230.5,231.7
01/05/2024,250.4,
01/08/2024,235.3,238.2
01/09/2024,240.8,240.2
01/10/2024,235.7,231.6
01/11/2024,234.9,
01/12/2024,243,233.8
01/15/2024,229.1,227.4
01/16/2024,229.8,219.8
01/17/2024,226.6,
01/18/2024,228.2,
01/19/2024,234.2,
01/22/2024,236.1,234.5
01/23/2024,241,235.6
01/24/2024,240.8,
01/25/2024,234.3,233.9
01/26/2024,232.2,
01/29/2024,237.3,236.3
01/30/2024,231.8,
01/31/2024,225.8,231.9
02/01/2024,235.1,
02/02/2024,232.3,237.2
02/05/2024,237.7,
02/06/2024,235.6,231.6
02/07/2024,232.6,227.9
02/08/2024,231.8,224.3
02/09/2024,234.1,220
02/12/2024,229.4,
02/13/2024,234.5,
02/14/2024,241.8,225.3
02/15/2024,240.7,
02/16/2024,241.2,
02/19/2024,240.4,
02/20/2024,236.3,239.6
02/21/2024,240.4,236.9
02/22/2024,240.4,248.4
02/23/2024,243.7,240.3
02/26/2024,221.6,234.4
02/27/2024,248.4,237.2
02/28/2024,241.6,244.3
02/29/2024,234.5,
03/01/2024,245.5,235.3
03/04/2024,234.1,236.7
03/05/2024,243.9,
03/06/2024,234.8,232.8
03/07/2024,231.8,237.2
03/08/2024,233.7,234.4
03/11/2024,247.2,
03/12/2024,247.1,
03/13/2024,242.1,
03/14/2024,254.1,245.3
03/15/2024,245.5,251.4
03/18/2024,246,236.5
03/19/2024,252.1,
03/20/2024,252.6,
03/21/2024,251.4,
03/22/2024,257.3,
03/25/2024,254.6,240.6
03/26/2024,246.7,247.6
03/27/2024,253.9,252.1
03/28/2024,247.9,246.5
04/02/2024,235.5,
04/03/2024,235.8,233.3
04/04/2024,233.6,
04/05/2024,240.5,234.6
04/08/2024,247.1,249.7
04/09/2024,241.5,
04/11/2024,246.7,236.6
04/12/2024,249.8,238.5
04/15/2024,248.9,240.8
04/16/2024,251,242
04/17/2024,252.6,246.2
04/18/2024,255.7,
04/19/2024,244.5,239.3
04/22/2024,250.6,243.4
04/23/2024,250.1,246
04/24/2024,239.7,
04/25/2024,247.1,240.5
04/26/2024,241.8,
04/29/2024,248.2,241.9
04/30/2024,253.2,241.6
05/02/2024,243.9,237.4
05/03/2024,243.1,236.4
05/06/2024,247.7,
05/07/2024,243.2,
05/08/2024,240.6,
05/09/2024,241,
05/10/2024,258,248.4
05/13/2024,261.3,
05/14/2024,267.5,259.4
05/15/2024,254.8,254
05/16/2024,257.6,248.2
05/17/2024,251.4,245.8
05/20/2024,245.9,246.4
05/21/2024,249.3,241.2
05/22/2024,255.8,245.2
05/23/2024,253.1,247.3
05/24/2024,262.3,259.7
05/27/2024,262.2,
05/28/2024,263.6,260.3
05/29/2024,265.6,260.3
05/30/2024,264.3,254.3
05/31/2024,271.9,
06/03/2024,272.9,262
06/04/2024,272.6,
06/05/2024,272.4,256
06/06/2024,269.7,264
06/07/2024,265.7,259.7
06/10/2024,259.2,259.4
06/11/2024,262.7,260.2
06/12/2024,270.5,256.9
06/13/2024,270.2,259.8
06/14/2024,272.8,
06/18/2024,274.1,262
06/19/2024,269.3,256.7
06/20/2024,,257.8
06/21/2024,270.8,259.7
06/24/2024,276.1,253.9
06/25/2024,271.4,
06/26/2024,272.7,260.2
06/28/2024,279.2,265
07/01/2024,269.1,262.6
07/02/2024,266.6,
07/03/2024,266.7,256.5
07/04/2024,,256.7
07/05/2024,268.2,257.6
07/08/2024,261.2,248.3
07/09/2024,261.5,256.5
07/10/2024,,259.2
07/11/2024,272.2,263
07/12/2024,258.6,247
07/15/2024,258.9,254.6
07/16/2024,,224.9
07/17/2024,,258.5
07/18/2024,,259.3
07/19/2024,,257.2
07/22/2024,266.3,257.9
07/23/2024,268.3,262
07/24/2024,,262.7
07/25/2024,273.1,256.8
07/26/2024,265.3,259.2
07/29/2024,,260
07/30/2024,,263.3
07/31/2024,,261
08/01/2024,284.8,255.4
08/02/2024,,252.6
08/05/2024,271.3,
08/06/2024,268.8,254.7
08/07/2024,259.6,253.8
08/08/2024,,246.8
08/09/2024,,257.9
08/12/2024,262.5,257.6
08/13/2024,267.3,240.3
08/14/2024,267.2,256.7
08/15/2024,268.3,257.4
08/16/2024,277.2,257.4
08/19/2024,269.5,254.3
08/20/2024,,256.8
08/21/2024,,256.1
08/22/2024,,258.9
08/23/2024,,257.4
08/26/2024,,251.2
08/27/2024,,254.7
08/28/2024,267,260.8
08/29/2024,267.5,249.2
08/30/2024,254.7,253.2
09/02/2024,,260.4
09/03/2024,,261.7
09/04/2024,,264.6
09/05/2024,279.5,260.5
09/06/2024,,269.6
09/09/2024,273.7,
09/10/2024,270.4,
09/11/2024,267.8,
09/12/2024,262,255.5
09/13/2024,269.8,
09/16/2024,,256.1
09/17/2024,,260.6
09/18/2024,278,262.1
09/19/2024,272.7,260.1
09/23/2024,,263
09/24/2024,281.1,260.2
09/25/2024,282.4,281.6
09/26/2024,281.8,268
09/27/2024,285.2,263.9
09/30/2024,262.4,272.3
10/01/2024,284.8,
10/02/2024,283.2,273.1
10/03/2024,284.1,262.5
10/04/2024,283,
10/07/2024,264.4,264.7
10/08/2024,267.2,
10/09/2024,266.7,
10/11/2024,267.8,261.2
10/14/2024,263.2,
10/15/2024,269.8,
10/16/2024,270.1,258.6
10/17/2024,265.3,
10/18/2024,,252.8
10/22/2024,262.7,249.4
10/23/2024,266.9,
10/24/2024,268,
10/25/2024,271,
10/28/2024,276.5,262.4
10/29/2024,275.6,
10/30/2024,275.8,262.9
01/31/1924,271.1,262
11/04/2024,268.5,
11/05/2024,272.1,
11/06/2024,274.9,265.5
11/07/2024,,264.3
11/08/2024,269.4,
11/11/2024,269.1,259.8
11/12/2024,267.2,260.3
11/13/2024,262.3,258.3
11/14/2024,265.1,261.7
11/15/2024,259.6,253
11/18/2024,260.3,250.8
11/19/2024,251.4,241.6
11/20/2024,247.8,245.9
11/21/2024,247.5,245.8
11/22/2024,249.3,239.8
11/25/2024,,247.4
11/26/2024,267,253.9
11/27/2024,,253
11/28/2024,255,249.1
11/29/2024,248.8,238.7
12/02/2024,255.9,239.7
12/03/2024,250.5,
12/04/2024,251.7,
12/05/2024,254.8,
12/06/2024,255,256.1
12/09/2024,259,248.1
12/10/2024,252.3,247.3
12/11/2024,255.3,
12/13/2024,252.9,
12/16/2024,243.1,
12/17/2024,245.2,241.2
12/18/2024,248.7,241.9
12/19/2024,242.5,237.9
12/20/2024,245.1,238
12/23/2024,249.4,253.5
12/24/2024,249,
12/30/2024,256.5,
12/31/2024,252.7,
01/06/2025,258.3,
01/07/2025,257.6,
01/08/2025,258.4,
01/09/2025,261,
01/10/2025,253.9,263.8
01/13/2025,255.7,
01/14/2025,259.3,
01/15/2025,257,252.2
01/16/2025,256.6,
01/17/2025,257.2,
01/20/2025,260,
01/21/2025,255.7,
01/22/2025,253.3,
01/23/2025,248.2,
01/24/2025,241.6,
01/27/2025,244,247.9
01/28/2025,230.8,247.6
01/29/2025,246.4,240.4
01/30/2025,,234.7
01/31/2025,244.1,239.5
02/03/2025,243.2,
02/04/2025,246.1,
02/05/2025,248.5,
02/06/2025,248.5,
02/07/2025,245.9,
02/10/2025,253.4,
02/11/2025,250.9,
02/12/2025,252.8,
02/13/2025,249,240.6
02/14/2025,248.8,
02/17/2025,250.1,244.2
02/18/2025,254.9,
02/19/2025,260.8,
02/20/2025,257.3,
02/21/2025,252.7,
02/24/2025,251.5,
02/25/2025,257,
02/26/2025,258.2,
02/27/2025,265,
02/28/2025,258.8,
03/03/2025,255.7,
03/04/2025,252.2,239.5
03/05/2025,249.8,
03/06/2025,245.5,
03/07/2025,246.4,
03/10/2025,248.4,235.8
03/11/2025,245.8,237
03/12/2025,,240.8
03/13/2025,250,245.2
03/14/2025,249.7,
03/17/2025,247.1,
03/18/2025,241.5,239.1
03/19/2025,246.9,
03/20/2025,249.6,247.8
03/21/2025,240.8,240.6
03/24/2025,248.9,238.9
03/25/2025,245.8,
03/26/2025,243.1,236.8
03/27/2025,247.2,240.7
04/01/2025,246.1,235.5
04/02/2025,249,240.4
04/03/2025,254.9,249.8
04/04/2025,258.3,250.5
04/06/2025,263.2,249.2
04/07/2025,261.2,257.4
04/08/2025,261.6,258.6
04/09/2025,262.2,
04/10/2025,261.5,245.8
04/11/2025,260.8,
04/14/2025,253.5,248.7
04/15/2025,257.6,256.8
04/16/2025,259.3,248.6
04/17/2025,260.5,
04/22/2025,,252.9
04/23/2025,,248.2
04/24/2025,,248.3
04/25/2025,260.7,253.7
05/02/2025,266.6,
05/05/2025,,256
05/07/2025,265.2,251.1
05/08/2025,259.5,259.1
05/09/2025,,244.5
05/12/2025,259.4,248.7
05/13/2025,264.7,251.9
05/14/2025,265.7,245.2
05/15/2025,262.4,253.6
05/16/2025,265.9,
05/19/2025,260.5,258.3
05/20/2025,,256.6
05/21/2025,259.7,255
05/22/2025,264.7,261.1
05/26/2025,260.9,252.7
05/28/2025,256.5,246.6
